words,weights
six,7.2136075980886085
loneli,7.2136075980886085
least,7.2136075980886085
wouldv,7.2136075980886085
letter,7.2136075980886085
wonderful,7.2136075980886085
women,7.2136075980886085
lol,7.2136075980886085
within,7.2136075980886085
lead,7.2136075980886085
win,7.2136075980886085
whoever,7.2136075980886085
massiv,7.2136075980886085
mateship,7.2136075980886085
whatev,7.2136075980886085
weve,7.2136075980886085
leader,7.2136075980886085
lazi,7.2136075980886085
weight,7.2136075980886085
jump,7.2136075980886085
youryou,7.2136075980886085
jail,7.2136075980886085
jealousi,7.2136075980886085
jeeeppee,7.2136075980886085
judgment,7.2136075980886085
youin,7.2136075980886085
laughter,7.2136075980886085
keyboard,7.2136075980886085
kick,7.2136075980886085
kid,7.2136075980886085
youandi,7.2136075980886085
kindest,7.2136075980886085
xox,7.2136075980886085
men,7.2136075980886085
weekend,7.2136075980886085
offend,7.2136075980886085
neglect,7.2136075980886085
urg,7.2136075980886085
nervou,7.2136075980886085
news,7.2136075980886085
nicer,7.2136075980886085
untold,7.2136075980886085
unfortun,7.2136075980886085
useless,7.2136075980886085
notlik,7.2136075980886085
nowaday,7.2136075980886085
nowher,7.2136075980886085
nowtireis,7.2136075980886085
numb,7.2136075980886085
unfair,7.2136075980886085
neg,7.2136075980886085
near,7.2136075980886085
messi,7.2136075980886085
motiv,7.2136075980886085
met,7.2136075980886085
middl,7.2136075980886085
mightv,7.2136075980886085
weakest,7.2136075980886085
water,7.2136075980886085
mix,7.2136075980886085
movi,7.2136075980886085
ncourag,7.2136075980886085
volum,7.2136075980886085
voicemail,7.2136075980886085
visibl,7.2136075980886085
valuabl,7.2136075980886085
usual,7.2136075980886085
nah,7.2136075980886085
itll,7.2136075980886085
youve,7.2136075980886085
Õ¾ou,7.2136075980886085
friendbe,7.2136075980886085
fit,7.2136075980886085
flaw,7.2136075980886085
foot,7.2136075980886085
forgot,7.2136075980886085
foryear,7.2136075980886085
fresh,7.2136075980886085
friendli,7.2136075980886085
film,7.2136075980886085
full,7.2136075980886085
fun,7.2136075980886085
gay,7.2136075980886085
girlfriend,7.2136075980886085
god,7.2136075980886085
gorgeou,7.2136075980886085
final,7.2136075980886085
fell,7.2136075980886085
islamophobia,7.2136075980886085
evil,7.2136075980886085
energi,7.2136075980886085
entertain,7.2136075980886085
eserv,7.2136075980886085
espect,7.2136075980886085
everyths,7.2136075980886085
everytim,7.2136075980886085
ex,7.2136075980886085
favorit,7.2136075980886085
excit,7.2136075980886085
exhaust,7.2136075980886085
explan,7.2136075980886085
famili,7.2136075980886085
fat,7.2136075980886085
fault,7.2136075980886085
grammar,7.2136075980886085
grate,7.2136075980886085
sarcast,7.2136075980886085
impress,7.2136075980886085
hurtzone,7.2136075980886085
idiot,7.2136075980886085
ight,7.2136075980886085
illridewithy,7.2136075980886085
impact,7.2136075980886085
imperfect,7.2136075980886085
inadequ,7.2136075980886085
great,7.2136075980886085
indiffer,7.2136075980886085
insist,7.2136075980886085
instruct,7.2136075980886085
intend,7.2136075980886085
interact,7.2136075980886085
ipromis,7.2136075980886085
humor,7.2136075980886085
huge,7.2136075980886085
howev,7.2136075980886085
housnot,7.2136075980886085
hous,7.2136075980886085
hostag,7.2136075980886085
hill,7.2136075980886085
hi,7.2136075980886085
height,7.2136075980886085
healthi,7.2136075980886085
headphon,7.2136075980886085
hater,7.2136075980886085
hasnt,7.2136075980886085
harden,7.2136075980886085
hair,7.2136075980886085
guilt,7.2136075980886085
guess,7.2136075980886085
nvolv,7.2136075980886085
often,7.2136075980886085
emotionless,7.2136075980886085
reaction,7.2136075980886085
random,7.2136075980886085
sister,7.2136075980886085
rate,7.2136075980886085
sink,7.2136075980886085
reach,7.2136075980886085
react,7.2136075980886085
simpl,7.2136075980886085
size,7.2136075980886085
signal,7.2136075980886085
side,7.2136075980886085
shoulder,7.2136075980886085
shortcut,7.2136075980886085
shock,7.2136075980886085
shell,7.2136075980886085
race,7.2136075980886085
skinnier,7.2136075980886085
reay,7.2136075980886085
protect,7.2136075980886085
somewher,7.2136075980886085
prettiest,7.2136075980886085
somehow,7.2136075980886085
someday,7.2136075980886085
societi,7.2136075980886085
sober,7.2136075980886085
sneak,7.2136075980886085
sleev,7.2136075980886085
smoke,7.2136075980886085
punch,7.2136075980886085
smart,7.2136075980886085
slowli,7.2136075980886085
queen,7.2136075980886085
sli,7.2136075980886085
reassur,7.2136075980886085
shed,7.2136075980886085
unbeliev,7.2136075980886085
secretli,7.2136075980886085
rewind,7.2136075980886085
rhetor,7.2136075980886085
selfesteem,7.2136075980886085
rip,7.2136075980886085
secur,7.2136075980886085
rude,7.2136075980886085
rumor,7.2136075980886085
return,7.2136075980886085
scroll,7.2136075980886085
screamno,7.2136075980886085
scissor,7.2136075980886085
safe,7.2136075980886085
schedul,7.2136075980886085
saidforevyou,7.2136075980886085
reveng,7.2136075980886085
restlessmental,7.2136075980886085
shame,7.2136075980886085
repeat,7.2136075980886085
shall,7.2136075980886085
relev,7.2136075980886085
shake,7.2136075980886085
shadow,7.2136075980886085
sex,7.2136075980886085
seven,7.2136075980886085
repeatedli,7.2136075980886085
sell,7.2136075980886085
set,7.2136075980886085
serv,7.2136075980886085
sentenc,7.2136075980886085
reread,7.2136075980886085
resist,7.2136075980886085
sent,7.2136075980886085
sooner,7.2136075980886085
spam,7.2136075980886085
press,7.2136075980886085
pack,7.2136075980886085
overdr,7.2136075980886085
overlook,7.2136075980886085
theyd,7.2136075980886085
thay,7.2136075980886085
terroist,7.2136075980886085
terrifi,7.2136075980886085
temporari,7.2136075980886085
outunabl,7.2136075980886085
paper,7.2136075980886085
teach,7.2136075980886085
paranoid,7.2136075980886085
parent,7.2136075980886085
tan,7.2136075980886085
parti,7.2136075980886085
thinner,7.2136075980886085
outsid,7.2136075980886085
present,7.2136075980886085
opportun,7.2136075980886085
oliv,7.2136075980886085
tummi,7.2136075980886085
trustworthi,7.2136075980886085
troubl,7.2136075980886085
trip,7.2136075980886085
touch,7.2136075980886085
option,7.2136075980886085
third,7.2136075980886085
toler,7.2136075980886085
order,7.2136075980886085
tired,7.2136075980886085
ounc,7.2136075980886085
tight,7.2136075980886085
thousand,7.2136075980886085
particip,7.2136075980886085
pass,7.2136075980886085
taller,7.2136075980886085
stick,7.2136075980886085
pill,7.2136075980886085
success,7.2136075980886085
stuck,7.2136075980886085
stranger,7.2136075980886085
straight,7.2136075980886085
posit,7.2136075980886085
patienc,7.2136075980886085
spot,7.2136075980886085
spiritu,7.2136075980886085
pour,7.2136075980886085
power,7.2136075980886085
spend,7.2136075980886085
speaka,7.2136075980886085
suffer,7.2136075980886085
pick,7.2136075980886085
pic,7.2136075980886085
sunday,7.2136075980886085
photo,7.2136075980886085
super,7.2136075980886085
philliphugh,7.2136075980886085
swallow,7.2136075980886085
permiss,7.2136075980886085
perman,7.2136075980886085
swear,7.2136075980886085
sweetheart,7.2136075980886085
peoplnot,7.2136075980886085
switch,7.2136075980886085
pay,7.2136075980886085
paus,7.2136075980886085
tale,7.2136075980886085
encourag,7.2136075980886085
save,7.2136075980886085
difficult,7.2136075980886085
check,7.2136075980886085
distant,7.2136075980886085
beddread,7.2136075980886085
damag,7.2136075980886085
becam,7.2136075980886085
daili,7.2136075980886085
battl,7.2136075980886085
cycl,7.2136075980886085
bathroom,7.2136075980886085
bare,7.2136075980886085
bail,7.2136075980886085
badli,7.2136075980886085
crush,7.2136075980886085
babi,7.2136075980886085
awkward,7.2136075980886085
crumbl,7.2136075980886085
butterfli,7.2136075980886085
automat,7.2136075980886085
australia,7.2136075980886085
attract,7.2136075980886085
crime,7.2136075980886085
door,7.2136075980886085
choke,7.2136075980886085
asham,7.2136075980886085
crazi,7.2136075980886085
arriv,7.2136075980886085
arm,7.2136075980886085
argument,7.2136075980886085
crap,7.2136075980886085
darkest,7.2136075980886085
date,7.2136075980886085
cover,7.2136075980886085
challeng,7.2136075980886085
burn,7.2136075980886085
button,7.2136075980886085
demand,7.2136075980886085
build,7.2136075980886085
brush,7.2136075980886085
brother,7.2136075980886085
calmer,7.2136075980886085
brink,7.2136075980886085
brightest,7.2136075980886085
bridg,7.2136075980886085
bravest,7.2136075980886085
bottl,7.2136075980886085
deciev,7.2136075980886085
book,7.2136075980886085
blue,7.2136075980886085
blow,7.2136075980886085
block,7.2136075980886085
blink,7.2136075980886085
blind,7.2136075980886085
blanket,7.2136075980886085
billion,7.2136075980886085
diffrenc,7.2136075980886085
case,7.2136075980886085
bewar,7.2136075980886085
discuss,7.2136075980886085
betweeni,7.2136075980886085
certainli,7.2136075980886085
disgrac,7.2136075980886085
cowardli,7.2136075980886085
ave,7.2136075980886085
descript,7.2136075980886085
commit,7.2136075980886085
dure,7.2136075980886085
compani,7.2136075980886085
cough,7.2136075980886085
correct,7.2136075980886085
cool,7.2136075980886085
convinc,7.2136075980886085
angel,7.2136075980886085
color,7.2136075980886085
action,7.2136075980886085
comfort,7.2136075980886085
accus,7.2136075980886085
achanc,7.2136075980886085
achiev,7.2136075980886085
acn,7.2136075980886085
earn,7.2136075980886085
eed,7.2136075980886085
competit,7.2136075980886085
drunk,7.2136075980886085
clingi,7.2136075980886085
absent,7.2136075980886085
anywher,7.2136075980886085
age,7.2136075980886085
drama,7.2136075980886085
chose,7.2136075980886085
abov,7.2136075980886085
ago,7.2136075980886085
conclus,7.2136075980886085
constant,7.2136075980886085
alcohol,7.2136075980886085
electr,7.2136075980886085
drink,7.2136075980886085
advic,7.2136075980886085
couldnt,7.2136075980886085
anxietino,7.2136075980886085
dramathere,7.2136075980886085
thosesecond,6.953243334287785
disord,6.953243334287785
disappear,6.953243334287785
though,6.953243334287785
disgust,6.953243334287785
thursday,6.953243334287785
wave,6.953243334287785
theyll,6.953243334287785
destroy,6.953243334287785
woke,6.953243334287785
desper,6.953243334287785
window,6.953243334287785
wheel,6.953243334287785
wellday,6.953243334287785
wed,6.953243334287785
weird,6.953243334287785
thesingl,6.953243334287785
toand,6.953243334287785
devast,6.953243334287785
weed,6.953243334287785
dig,6.953243334287785
till,6.953243334287785
dump,6.953243334287785
doc,6.953243334287785
tobut,6.953243334287785
effort,6.953243334287785
video,6.953243334287785
turnin,6.953243334287785
verg,6.953243334287785
eatyup,6.953243334287785
vent,6.953243334287785
earlier,6.953243334287785
earli,6.953243334287785
twist,6.953243334287785
vaca,6.953243334287785
ur,6.953243334287785
unhappi,6.953243334287785
understand,6.953243334287785
ugli,6.953243334287785
twitter,6.953243334287785
two,6.953243334287785
drive,6.953243334287785
voic,6.953243334287785
truth,6.953243334287785
drain,6.953243334287785
wast,6.953243334287785
warn,6.953243334287785
doctor,6.953243334287785
toi,6.953243334287785
empti,6.953243334287785
type,6.953243334287785
douch,6.953243334287785
tough,6.953243334287785
truli,6.953243334287785
trap,6.953243334287785
wall,6.953243334287785
drank,6.953243334287785
truck,6.953243334287785
draw,6.953243334287785
waday,6.953243334287785
total,6.953243334287785
describ,6.953243334287785
bullshit,6.953243334287785
atlove,6.953243334287785
autopilot,6.953243334287785
band,6.953243334287785
basic,6.953243334287785
beenyear,6.953243334287785
beg,6.953243334287785
behavior,6.953243334287785
besid,6.953243334287785
beyear,6.953243334287785
bf,6.953243334287785
bit,6.953243334287785
blame,6.953243334287785
blew,6.953243334287785
boost,6.953243334287785
bore,6.953243334287785
boss,6.953243334287785
boughtmore,6.953243334287785
bounc,6.953243334287785
brain,6.953243334287785
broke,6.953243334287785
broken,6.953243334287785
asleep,6.953243334287785
artist,6.953243334287785
argu,6.953243334287785
allergi,6.953243334287785
abort,6.953243334287785
aboutbare,6.953243334287785
accident,6.953243334287785
accidentslept,6.953243334287785
across,6.953243334287785
af,6.953243334287785
afraid,6.953243334287785
afterweek,6.953243334287785
ahead,6.953243334287785
almost,6.953243334287785
appreci,6.953243334287785
almostweek,6.953243334287785
amount,6.953243334287785
aneur,6.953243334287785
anger,6.953243334287785
anniversari,6.953243334287785
annnd,6.953243334287785
annoy,6.953243334287785
anorexia,6.953243334287785
antidepress,6.953243334287785
anxiou,6.953243334287785
buckl,6.953243334287785
burden,6.953243334287785
deni,6.953243334287785
bust,6.953243334287785
coronaviru,6.953243334287785
therapitime,6.953243334287785
couldve,6.953243334287785
countri,6.953243334287785
cous,6.953243334287785
crawl,6.953243334287785
crisitime,6.953243334287785
cute,6.953243334287785
dad,6.953243334287785
damn,6.953243334287785
dare,6.953243334287785
youry,6.953243334287785
youre,6.953243334287785
youd,6.953243334287785
yike,6.953243334287785
yall,6.953243334287785
dayof,6.953243334287785
write,6.953243334287785
wow,6.953243334287785
decid,6.953243334287785
demon,6.953243334287785
cope,6.953243334287785
cop,6.953243334287785
cooki,6.953243334287785
clarkson,6.953243334287785
buy,6.953243334287785
cake,6.953243334287785
came,6.953243334287785
cave,6.953243334287785
celebr,6.953243334287785
cheat,6.953243334287785
choos,6.953243334287785
christmayear,6.953243334287785
cigarett,6.953243334287785
class,6.953243334287785
close,6.953243334287785
coke,6.953243334287785
cold,6.953243334287785
colleg,6.953243334287785
consent,6.953243334287785
consist,6.953243334287785
consol,6.953243334287785
constantli,6.953243334287785
contempl,6.953243334287785
thesecond,6.953243334287785
stuff,6.953243334287785
thanksgiv,6.953243334287785
thank,6.953243334287785
hail,6.953243334287785
oop,6.953243334287785
onliof,6.953243334287785
onliminut,6.953243334287785
onc,6.953243334287785
hand,6.953243334287785
handl,6.953243334287785
old,6.953243334287785
offici,6.953243334287785
ofeveryth,6.953243334287785
happyhow,6.953243334287785
harmtime,6.953243334287785
number,6.953243334287785
heal,6.953243334287785
nothin,6.953243334287785
norm,6.953243334287785
nope,6.953243334287785
health,6.953243334287785
noon,6.953243334287785
noni,6.953243334287785
nice,6.953243334287785
neither,6.953243334287785
necessarili,6.953243334287785
nap,6.953243334287785
orrr,6.953243334287785
overdos,6.953243334287785
haha,6.953243334287785
grip,6.953243334287785
rape,6.953243334287785
rain,6.953243334287785
purg,6.953243334287785
pull,6.953243334287785
psychic,6.953243334287785
promis,6.953243334287785
grey,6.953243334287785
product,6.953243334287785
problem,6.953243334287785
preciou,6.953243334287785
grow,6.953243334287785
overwhelm,6.953243334287785
gun,6.953243334287785
post,6.953243334287785
possibl,6.953243334287785
piss,6.953243334287785
habrain,6.953243334287785
phone,6.953243334287785
personfor,6.953243334287785
person,6.953243334287785
pastday,6.953243334287785
passyear,6.953243334287785
password,6.953243334287785
name,6.953243334287785
mytwitteranniversari,6.953243334287785
heart,6.953243334287785
kelli,6.953243334287785
hospic,6.953243334287785
hr,6.953243334287785
hunter,6.953243334287785
ice,6.953243334287785
learn,6.953243334287785
laugh,6.953243334287785
later,6.953243334287785
laid,6.953243334287785
knive,6.953243334287785
knew,6.953243334287785
key,6.953243334287785
jusssttt,6.953243334287785
leastmore,6.953243334287785
idek,6.953243334287785
join,6.953243334287785
ignor,6.953243334287785
jerk,6.953243334287785
itday,6.953243334287785
imagainst,6.953243334287785
itd,6.953243334287785
intro,6.953243334287785
insur,6.953243334287785
imagin,6.953243334287785
horribl,6.953243334287785
light,6.953243334287785
myday,6.953243334287785
hide,6.953243334287785
must,6.953243334287785
heartless,6.953243334287785
music,6.953243334287785
move,6.953243334287785
mountain,6.953243334287785
misgend,6.953243334287785
mine,6.953243334287785
midnight,6.953243334287785
mia,6.953243334287785
messag,6.953243334287785
meltdown,6.953243334287785
hes,6.953243334287785
media,6.953243334287785
list,6.953243334287785
mean,6.953243334287785
markyear,6.953243334287785
mark,6.953243334287785
mani,6.953243334287785
manag,6.953243334287785
love,6.953243334287785
lost,6.953243334287785
longest,6.953243334287785
lock,6.953243334287785
hm,6.953243334287785
lmfao,6.953243334287785
littl,6.953243334287785
rd,6.953243334287785
readideath,6.953243334287785
recov,6.953243334287785
special,6.953243334287785
state,6.953243334287785
stare,6.953243334287785
felt,6.953243334287785
star,6.953243334287785
stand,6.953243334287785
sprite,6.953243334287785
fix,6.953243334287785
fli,6.953243334287785
spoke,6.953243334287785
forget,6.953243334287785
forstraight,6.953243334287785
station,6.953243334287785
speak,6.953243334287785
forweek,6.953243334287785
space,6.953243334287785
somebodi,6.953243334287785
freak,6.953243334287785
social,6.953243334287785
snap,6.953243334287785
free,6.953243334287785
friday,6.953243334287785
smash,6.953243334287785
fed,6.953243334287785
step,6.953243334287785
stupid,6.953243334287785
test,6.953243334287785
tempt,6.953243334287785
explain,6.953243334287785
tear,6.953243334287785
extra,6.953243334287785
sweatshirt,6.953243334287785
eye,6.953243334287785
surprisingli,6.953243334287785
summer,6.953243334287785
suddenli,6.953243334287785
instead,6.953243334287785
struggl,6.953243334287785
stress,6.953243334287785
fact,6.953243334287785
strength,6.953243334287785
stream,6.953243334287785
streak,6.953243334287785
stori,6.953243334287785
store,6.953243334287785
februari,6.953243334287785
stood,6.953243334287785
slide,6.953243334287785
front,6.953243334287785
regret,6.953243334287785
grace,6.953243334287785
scenario,6.953243334287785
gotta,6.953243334287785
saw,6.953243334287785
sack,6.953243334287785
sabotag,6.953243334287785
rush,6.953243334287785
gotten,6.953243334287785
ruin,6.953243334287785
rubber,6.953243334287785
roof,6.953243334287785
roll,6.953243334287785
river,6.953243334287785
rid,6.953243334287785
restaur,6.953243334287785
rest,6.953243334287785
reschedul,6.953243334287785
grave,6.953243334287785
replac,6.953243334287785
greet,6.953243334287785
remot,6.953243334287785
relief,6.953243334287785
relationshipmonth,6.953243334287785
relat,6.953243334287785
goe,6.953243334287785
scream,6.953243334287785
slice,6.953243334287785
shouldv,6.953243334287785
function,6.953243334287785
slept,6.953243334287785
skin,6.953243334287785
funni,6.953243334287785
sinc,6.953243334287785
futur,6.953243334287785
simpli,6.953243334287785
shoutout,6.953243334287785
ga,6.953243334287785
shout,6.953243334287785
gave,6.953243334287785
shouldcut,6.953243334287785
seafood,6.953243334287785
genuin,6.953243334287785
shortthe,6.953243334287785
gettysburg,6.953243334287785
shoe,6.953243334287785
ghost,6.953243334287785
givenday,6.953243334287785
glad,6.953243334287785
servic,6.953243334287785
seem,6.953243334287785
seatbelt,6.953243334287785
pray,6.953243334287785
awar,6.953243334287785
pure,6.859360706474645
peak,6.859360706474645
perfectli,6.859360706474645
pictur,6.859360706474645
place,6.859360706474645
play,6.859360706474645
pm,6.859360706474645
potato,6.859360706474645
pound,6.859360706474645
presenc,6.859360706474645
prevent,6.859360706474645
procrastin,6.859360706474645
punctur,6.859360706474645
reason,6.859360706474645
reliev,6.859360706474645
rememb,6.859360706474645
ring,6.859360706474645
room,6.859360706474645
sadder,6.859360706474645
saddest,6.859360706474645
safest,6.859360706474645
sake,6.859360706474645
scare,6.859360706474645
scratch,6.859360706474645
pathet,6.859360706474645
panick,6.859360706474645
longer,6.859360706474645
louder,6.859360706474645
lower,6.859360706474645
mask,6.859360706474645
master,6.859360706474645
million,6.859360706474645
minut,6.859360706474645
mistak,6.859360706474645
moment,6.859360706474645
money,6.859360706474645
nan,6.859360706474645
next,6.859360706474645
painless,6.859360706474645
nightmar,6.859360706474645
notokay,6.859360706474645
nuisanc,6.859360706474645
object,6.859360706474645
opinion,6.859360706474645
otherwis,6.859360706474645
outcast,6.859360706474645
overcom,6.859360706474645
seek,6.859360706474645
seeker,6.859360706474645
selfdestruct,6.859360706474645
us,6.859360706474645
top,6.859360706474645
toward,6.859360706474645
toxic,6.859360706474645
toy,6.859360706474645
turn,6.859360706474645
twice,6.859360706474645
uglier,6.859360706474645
ugliest,6.859360706474645
uncount,6.859360706474645
understood,6.859360706474645
unexplain,6.859360706474645
unlik,6.859360706474645
unwant,6.859360706474645
vessel,6.859360706474645
vision,6.859360706474645
wait,6.859360706474645
wander,6.859360706474645
wear,6.859360706474645
whole,6.859360706474645
work,6.859360706474645
worst,6.859360706474645
wrong,6.859360706474645
yang,6.859360706474645
yeah,6.859360706474645
yin,6.859360706474645
told,6.859360706474645
today,6.859360706474645
theyv,6.859360706474645
shower,6.859360706474645
shown,6.859360706474645
singl,6.859360706474645
sit,6.859360706474645
skinner,6.859360706474645
sky,6.859360706474645
specialti,6.859360706474645
spent,6.859360706474645
strike,6.859360706474645
surpris,6.859360706474645
surround,6.859360706474645
surviv,6.859360706474645
swing,6.859360706474645
taken,6.859360706474645
tend,6.859360706474645
long,6.859360706474645
continu,6.859360706474645
burst,6.859360706474645
car,6.859360706474645
cat,6.859360706474645
chanc,6.859360706474645
claim,6.859360706474645
clear,6.859360706474645
companion,6.859360706474645
complain,6.859360706474645
concentr,6.859360706474645
consid,6.859360706474645
convers,6.859360706474645
breathless,6.859360706474645
corner,6.859360706474645
crave,6.859360706474645
current,6.859360706474645
danger,6.859360706474645
decis,6.859360706474645
depend,6.859360706474645
diari,6.859360706474645
abandon,6.859360706474645
differ,6.859360706474645
bring,6.859360706474645
disconnect,6.859360706474645
art,6.859360706474645
addict,6.859360706474645
admit,6.859360706474645
afterward,6.859360706474645
air,6.859360706474645
although,6.859360706474645
angri,6.859360706474645
appar,6.859360706474645
boom,6.859360706474645
assign,6.859360706474645
awak,6.859360706474645
beauti,6.859360706474645
begin,6.859360706474645
benefit,6.859360706474645
best,6.859360706474645
bet,6.859360706474645
beyond,6.859360706474645
bigger,6.859360706474645
blank,6.859360706474645
blast,6.859360706474645
bleed,6.859360706474645
disagre,6.859360706474645
happier,6.859360706474645
harder,6.859360706474645
hardest,6.859360706474645
havent,6.859360706474645
hell,6.859360706474645
helpless,6.859360706474645
high,6.859360706474645
hit,6.859360706474645
hk,6.859360706474645
home,6.859360706474645
id,6.859360706474645
indirectli,6.859360706474645
instant,6.859360706474645
invinc,6.859360706474645
joke,6.859360706474645
kitti,6.859360706474645
knock,6.859360706474645
known,6.859360706474645
late,6.859360706474645
less,6.859360706474645
lifeless,6.859360706474645
limit,6.859360706474645
halloween,6.859360706474645
judg,6.859360706474645
els,6.859360706474645
facetofac,6.859360706474645
experi,6.859360706474645
everywher,6.859360706474645
etern,6.859360706474645
eras,6.859360706474645
due,6.859360706474645
drug,6.859360706474645
dreamt,6.859360706474645
given,6.859360706474645
dread,6.859360706474645
dream,6.859360706474645
failur,6.859360706474645
edit,6.859360706474645
fast,6.859360706474645
forday,6.859360706474645
gate,6.859360706474645
frustrat,6.859360706474645
freez,6.859360706474645
forc,6.859360706474645
fire,6.859360706474645
fill,6.859360706474645
share,6.839187111662404
sight,6.839187111662404
short,6.839187111662404
shitti,6.839187111662404
silent,6.839187111662404
shitoh,6.839187111662404
selfdoubt,6.839187111662404
shine,6.839187111662404
serotonin,6.839187111662404
shape,6.839187111662404
sever,6.839187111662404
sentiment,6.839187111662404
selftortur,6.839187111662404
selfsabotag,6.839187111662404
selfquarantin,6.839187111662404
selfpromo,6.839187111662404
simultan,6.839187111662404
speck,6.839187111662404
spectacular,6.839187111662404
strang,6.839187111662404
selfcent,6.839187111662404
steven,6.839187111662404
standard,6.839187111662404
sport,6.839187111662404
spong,6.839187111662404
spielberg,6.839187111662404
spell,6.839187111662404
sourc,6.839187111662404
situat,6.839187111662404
soprano,6.839187111662404
song,6.839187111662404
someonhi,6.839187111662404
softli,6.839187111662404
societis,6.839187111662404
slightli,6.839187111662404
skull,6.839187111662404
skincar,6.839187111662404
rediscov,6.839187111662404
selfawar,6.839187111662404
relaunch,6.839187111662404
rejoin,6.839187111662404
red,6.839187111662404
record,6.839187111662404
recommend,6.839187111662404
recent,6.839187111662404
rec,6.839187111662404
realiz,6.839187111662404
rad,6.839187111662404
quietli,6.839187111662404
questionhow,6.839187111662404
question,6.839187111662404
put,6.839187111662404
purnelboyfriend,6.839187111662404
purnel,6.839187111662404
purer,6.839187111662404
strongmean,6.839187111662404
punk,6.839187111662404
reluctantli,6.839187111662404
repli,6.839187111662404
selfaccept,6.839187111662404
repres,6.839187111662404
self,6.839187111662404
sec,6.839187111662404
scienc,6.839187111662404
scarfbandana,6.839187111662404
scarecron,6.839187111662404
scale,6.839187111662404
sale,6.839187111662404
ryan,6.839187111662404
run,6.839187111662404
rule,6.839187111662404
roleplay,6.839187111662404
rise,6.839187111662404
reveal,6.839187111662404
respons,6.839187111662404
respond,6.839187111662404
resent,6.839187111662404
repress,6.839187111662404
string,6.839187111662404
verv,6.839187111662404
wednesday,6.839187111662404
wash,6.839187111662404
vulner,6.839187111662404
vomit,6.839187111662404
void,6.839187111662404
vogu,6.839187111662404
virtual,6.839187111662404
ventil,6.839187111662404
valu,6.839187111662404
vaccin,6.839187111662404
unrealist,6.839187111662404
unnecessari,6.839187111662404
unlov,6.839187111662404
unless,6.839187111662404
unknown,6.839187111662404
unhealthi,6.839187111662404
wedpm,6.839187111662404
underli,6.839187111662404
psych,6.839187111662404
zone,6.839187111662404
yogurt,6.839187111662404
yell,6.839187111662404
yearend,6.839187111662404
xma,6.839187111662404
writer,6.839187111662404
wors,6.839187111662404
worldlol,6.839187111662404
wont,6.839187111662404
woman,6.839187111662404
wld,6.839187111662404
wisdom,6.839187111662404
whisperwhats,6.839187111662404
whether,6.839187111662404
werent,6.839187111662404
underwear,6.839187111662404
studi,6.839187111662404
throw,6.839187111662404
thoseposit,6.839187111662404
thestage,6.839187111662404
therefor,6.839187111662404
therapist,6.839187111662404
theo,6.839187111662404
themselv,6.839187111662404
thehard,6.839187111662404
th,6.839187111662404
tetri,6.839187111662404
terribl,6.839187111662404
tampon,6.839187111662404
symptom,6.839187111662404
superdooman,6.839187111662404
subtweet,6.839187111662404
style,6.839187111662404
studio,6.839187111662404
thread,6.839187111662404
thurpm,6.839187111662404
uk,6.839187111662404
tie,6.839187111662404
uh,6.839187111662404
typic,6.839187111662404
typelol,6.839187111662404
typehaha,6.839187111662404
tweetsylvia,6.839187111662404
turnout,6.839187111662404
turnalso,6.839187111662404
tune,6.839187111662404
true,6.839187111662404
tree,6.839187111662404
treat,6.839187111662404
trauma,6.839187111662404
train,6.839187111662404
tragedi,6.839187111662404
took,6.839187111662404
tonightmepm,6.839187111662404
tolearn,6.839187111662404
punctuat,6.839187111662404
cult,6.839187111662404
expand,6.839187111662404
everybodi,6.839187111662404
backmeme,6.839187111662404
awww,6.839187111662404
evid,6.839187111662404
examin,6.839187111662404
awakminut,6.839187111662404
avail,6.839187111662404
augustyou,6.839187111662404
august,6.839187111662404
augcometh,6.839187111662404
expect,6.839187111662404
ego,6.839187111662404
audiobook,6.839187111662404
audibl,6.839187111662404
attitud,6.839187111662404
attent,6.839187111662404
attempt,6.839187111662404
faith,6.839187111662404
ate,6.839187111662404
astut,6.839187111662404
asshol,6.839187111662404
askhow,6.839187111662404
articl,6.839187111662404
banana,6.839187111662404
bargain,6.839187111662404
entrepreneur,6.839187111662404
blur,6.839187111662404
blister,6.839187111662404
blend,6.839187111662404
birth,6.839187111662404
bio,6.839187111662404
eleg,6.839187111662404
element,6.839187111662404
email,6.839187111662404
belong,6.839187111662404
bel,6.839187111662404
embarrass,6.839187111662404
empathi,6.839187111662404
end,6.839187111662404
bc,6.839187111662404
baybee,6.839187111662404
barrier,6.839187111662404
engin,6.839187111662404
entir,6.839187111662404
arent,6.839187111662404
appropri,6.839187111662404
appear,6.839187111662404
febo,6.839187111662404
afraidi,6.839187111662404
affirmuh,6.839187111662404
affirmaccount,6.839187111662404
affirm,6.839187111662404
festiv,6.839187111662404
accid,6.839187111662404
abyss,6.839187111662404
fight,6.839187111662404
absorb,6.839187111662404
aboutprocess,6.839187111662404
abl,6.839187111662404
find,6.839187111662404
flag,6.839187111662404
floor,6.839187111662404
forgiv,6.839187111662404
forsecond,6.839187111662404
frasier,6.839187111662404
frozen,6.839187111662404
afterminut,6.839187111662404
agenda,6.839187111662404
fall,6.839187111662404
aggress,6.839187111662404
apolog,6.839187111662404
apocalyps,6.839187111662404
aol,6.839187111662404
anyway,6.839187111662404
fallen,6.839187111662404
fantasi,6.839187111662404
antholog,6.839187111662404
answerhow,6.839187111662404
answer,6.839187111662404
fate,6.839187111662404
anifun,6.839187111662404
ani,6.839187111662404
fav,6.839187111662404
ancient,6.839187111662404
amme,6.839187111662404
ambit,6.839187111662404
amaz,6.839187111662404
febcool,6.839187111662404
ah,6.839187111662404
either,6.839187111662404
bob,6.839187111662404
project,6.839187111662404
dispos,6.839187111662404
dickbut,6.839187111662404
difficulti,6.839187111662404
dimens,6.839187111662404
dirti,6.839187111662404
disast,6.839187111662404
consequ,6.839187111662404
conquer,6.839187111662404
connect,6.839187111662404
condom,6.839187111662404
bookboyfriend,6.839187111662404
dissoci,6.839187111662404
concern,6.839187111662404
distanc,6.839187111662404
compuls,6.839187111662404
common,6.839187111662404
com,6.839187111662404
dm,6.839187111662404
doestay,6.839187111662404
cloud,6.839187111662404
depwess,6.839187111662404
depth,6.839187111662404
delet,6.839187111662404
ct,6.839187111662404
critic,6.839187111662404
crisi,6.839187111662404
cream,6.839187111662404
darci,6.839187111662404
cozi,6.839187111662404
courtesi,6.839187111662404
could,6.839187111662404
cosplay,6.839187111662404
cosmic,6.839187111662404
dayme,6.839187111662404
dead,6.839187111662404
corpor,6.839187111662404
core,6.839187111662404
copi,6.839187111662404
deal,6.839187111662404
conversbut,6.839187111662404
deeper,6.839187111662404
dog,6.839187111662404
clit,6.839187111662404
clearli,6.839187111662404
callindi,6.839187111662404
dumb,6.839187111662404
caffein,6.839187111662404
butthead,6.839187111662404
dust,6.839187111662404
busi,6.839187111662404
bunch,6.839187111662404
ear,6.839187111662404
bullshiti,6.839187111662404
built,6.839187111662404
easi,6.839187111662404
editori,6.839187111662404
effect,6.839187111662404
brave,6.839187111662404
brad,6.839187111662404
bother,6.839187111662404
effortlessli,6.839187111662404
bookstor,6.839187111662404
bookplat,6.839187111662404
calla,6.839187111662404
doll,6.839187111662404
donat,6.839187111662404
chocol,6.839187111662404
doom,6.839187111662404
dopamin,6.839187111662404
chip,6.839187111662404
chees,6.839187111662404
dorito,6.839187111662404
dot,6.839187111662404
chapter,6.839187111662404
channel,6.839187111662404
download,6.839187111662404
cereal,6.839187111662404
ceo,6.839187111662404
downstair,6.839187111662404
dreg,6.839187111662404
cashmer,6.839187111662404
dress,6.839187111662404
carri,6.839187111662404
cancel,6.839187111662404
dudu,6.839187111662404
fuckfuck,6.839187111662404
fuckhead,6.839187111662404
fulltim,6.839187111662404
nois,6.839187111662404
myfriend,6.839187111662404
myout,6.839187111662404
mystic,6.839187111662404
neck,6.839187111662404
nerv,6.839187111662404
neurot,6.839187111662404
nft,6.839187111662404
nohell,6.839187111662404
nome,6.839187111662404
funer,6.839187111662404
nonconsensu,6.839187111662404
nonooofuckfuuuckno,6.839187111662404
nonpm,6.839187111662404
nooh,6.839187111662404
noth,6.839187111662404
nothing,6.839187111662404
novel,6.839187111662404
obvious,6.839187111662404
oconnel,6.839187111662404
ofhow,6.839187111662404
ofread,6.839187111662404
mortal,6.839187111662404
moistur,6.839187111662404
moder,6.839187111662404
missi,6.839187111662404
low,6.839187111662404
mad,6.839187111662404
mail,6.839187111662404
maintain,6.839187111662404
marri,6.839187111662404
meaning,6.839187111662404
meaningless,6.839187111662404
meant,6.839187111662404
meat,6.839187111662404
mechan,6.839187111662404
mediocr,6.839187111662404
meget,6.839187111662404
melissa,6.839187111662404
melove,6.839187111662404
memori,6.839187111662404
mental,6.839187111662404
min,6.839187111662404
mirror,6.839187111662404
mirrorits,6.839187111662404
misdirect,6.839187111662404
ofs,6.839187111662404
ohoh,6.839187111662404
okwhen,6.839187111662404
per,6.839187111662404
period,6.839187111662404
personi,6.839187111662404
perspect,6.839187111662404
philli,6.839187111662404
pile,6.839187111662404
plan,6.839187111662404
plath,6.839187111662404
pleasur,6.839187111662404
podcast,6.839187111662404
poemft,6.839187111662404
poetic,6.839187111662404
polit,6.839187111662404
pornhub,6.839187111662404
powerless,6.839187111662404
prayer,6.839187111662404
pre,6.839187111662404
prefer,6.839187111662404
premier,6.839187111662404
pressur,6.839187111662404
pretzel,6.839187111662404
print,6.839187111662404
process,6.839187111662404
perform,6.839187111662404
peerpressur,6.839187111662404
past,6.839187111662404
oldalt,6.839187111662404
onduti,6.839187111662404
onpeopl,6.839187111662404
oprah,6.839187111662404
orgasm,6.839187111662404
origin,6.839187111662404
outcom,6.839187111662404
outget,6.839187111662404
ouvr,6.839187111662404
overshar,6.839187111662404
overthink,6.839187111662404
overtim,6.839187111662404
packag,6.839187111662404
panic,6.839187111662404
pantri,6.839187111662404
park,6.839187111662404
part,6.839187111662404
passiv,6.839187111662404
passov,6.839187111662404
loss,6.839187111662404
longterm,6.839187111662404
loneliest,6.839187111662404
heard,6.839187111662404
held,6.839187111662404
hey,6.839187111662404
hmu,6.839187111662404
honest,6.839187111662404
honor,6.839187111662404
hottt,6.839187111662404
hump,6.839187111662404
hunger,6.839187111662404
hurri,6.839187111662404
hydrat,6.839187111662404
imaginari,6.839187111662404
import,6.839187111662404
inanim,6.839187111662404
independ,6.839187111662404
individu,6.839187111662404
inform,6.839187111662404
injur,6.839187111662404
insid,6.839187111662404
instagram,6.839187111662404
hear,6.839187111662404
headhousehold,6.839187111662404
intens,6.839187111662404
futil,6.839187111662404
gear,6.839187111662404
gentl,6.839187111662404
georg,6.839187111662404
gian,6.839187111662404
girlhood,6.839187111662404
goodnight,6.839187111662404
googl,6.839187111662404
goth,6.839187111662404
grant,6.839187111662404
grappl,6.839187111662404
griev,6.839187111662404
grnnghgh,6.839187111662404
gross,6.839187111662404
groupis,6.839187111662404
half,6.839187111662404
hard,6.839187111662404
harsh,6.839187111662404
integr,6.839187111662404
lolol,6.839187111662404
kept,6.839187111662404
klezmeradjac,6.839187111662404
knish,6.839187111662404
kristen,6.839187111662404
lack,6.839187111662404
lay,6.839187111662404
lectur,6.839187111662404
level,6.839187111662404
levelsad,6.839187111662404
lifes,6.839187111662404
lightbut,6.839187111662404
lightli,6.839187111662404
likebut,6.839187111662404
likehi,6.839187111662404
likeits,6.839187111662404
link,6.839187111662404
listi,6.839187111662404
lit,6.839187111662404
litshe,6.839187111662404
lmk,6.839187111662404
lo,6.839187111662404
kiss,6.839187111662404
katherin,6.839187111662404
interfer,6.839187111662404
justaccept,6.839187111662404
interview,6.839187111662404
intuit,6.839187111662404
invent,6.839187111662404
invit,6.839187111662404
involv,6.839187111662404
inwardli,6.839187111662404
irl,6.839187111662404
irrat,6.839187111662404
iskandrian,6.839187111662404
issu,6.839187111662404
itcome,6.839187111662404
itcumon,6.839187111662404
iti,6.839187111662404
jauntili,6.839187111662404
jd,6.839187111662404
jetson,6.839187111662404
job,6.839187111662404
journey,6.839187111662404
joy,6.839187111662404
juic,6.839187111662404
protagonist,6.839187111662404
spider,6.808142489980444
sens,6.808142489980444
breakdown,6.808142489980444
patient,6.808142489980444
found,6.808142489980444
definit,6.808142489980444
nighttim,6.808142489980444
three,6.808142489980444
serious,6.808142489980444
note,6.808142489980444
drown,6.808142489980444
cut,6.808142489980444
shes,6.808142489980444
send,6.808142489980444
confus,6.808142489980444
season,6.808142489980444
despit,6.808142489980444
went,6.808142489980444
superpow,6.808142489980444
keeper,6.808142489980444
fragil,6.808142489980444
karma,6.808142489980444
sydneysieg,6.808142489980444
overus,6.808142489980444
anybodi,6.808142489980444
tellin,6.808142489980444
unsur,6.808142489980444
graveston,6.808142489980444
onto,6.808142489980444
temper,6.808142489980444
small,6.808142489980444
smallest,6.808142489980444
major,6.808142489980444
closur,6.808142489980444
teenag,6.808142489980444
logic,6.808142489980444
femal,6.808142489980444
everisecond,6.808142489980444
sympathi,6.808142489980444
outlet,6.808142489980444
unspoken,6.808142489980444
talent,6.808142489980444
gotproblem,6.808142489980444
goodby,6.808142489980444
batteri,6.808142489980444
unworthi,6.808142489980444
edg,6.808142489980444
scari,6.808142489980444
secret,6.808142489980444
dislik,6.808142489980444
repiss,6.808142489980444
quick,6.808142489980444
moon,6.808142489980444
creat,6.808142489980444
muslim,6.808142489980444
mother,6.808142489980444
big,6.808142489980444
ye,6.808142489980444
distract,6.808142489980444
calm,6.808142489980444
gain,6.808142489980444
count,6.808142489980444
honestli,6.808142489980444
morn,6.808142489980444
display,6.808142489980444
fail,6.808142489980444
alreadi,6.808142489980444
strongest,6.808142489980444
betray,6.808142489980444
andof,6.808142489980444
avoid,6.808142489980444
torn,6.808142489980444
affect,6.808142489980444
yet,6.808142489980444
heaven,6.808142489980444
invis,6.808142489980444
ppl,6.808142489980444
assum,6.808142489980444
weak,6.808142489980444
prioriti,6.808142489980444
hang,6.54777822617962
idol,6.54777822617962
seen,6.54777822617962
harm,6.54777822617962
readi,6.54777822617962
blood,6.54777822617962
bodi,6.54777822617962
alot,6.54777822617962
alright,6.54777822617962
appt,6.54777822617962
haunt,6.54777822617962
inday,6.54777822617962
remind,6.54777822617962
attack,6.54777822617962
ptsd,6.54777822617962
ass,6.54777822617962
apart,6.54777822617962
quiet,6.54777822617962
absolut,6.54777822617962
abus,6.54777822617962
aw,6.54777822617962
relationship,6.54777822617962
word,6.54777822617962
believ,6.54777822617962
whats,6.54777822617962
proud,6.54777822617962
rather,6.54777822617962
pretti,6.54777822617962
threw,6.54777822617962
world,6.54777822617962
cours,6.54777822617962
ya,6.54777822617962
none,6.54777822617962
destruct,6.54777822617962
notic,6.54777822617962
deep,6.54777822617962
stabl,6.54777822617962
suppos,6.54777822617962
war,6.54777822617962
cousin,6.54777822617962
piec,6.54777822617962
soon,6.54777822617962
linger,6.54777822617962
trigger,6.54777822617962
omg,6.54777822617962
stomach,6.54777822617962
tattoo,6.54777822617962
escap,6.54777822617962
might,6.54777822617962
fear,6.54777822617962
face,6.54777822617962
vacat,6.54777822617962
forward,6.54777822617962
fuckin,6.54777822617962
emot,6.54777822617962
uncl,6.54777822617962
visit,6.54777822617962
ugh,6.54777822617962
catch,6.54777822617962
chang,6.54777822617962
worth,6.54777822617962
show,6.54777822617962
watch,6.54777822617962
grandma,6.54777822617962
lie,6.54777822617962
boyfriend,6.54777822617962
wrist,6.54777822617962
physic,6.54777822617962
cancer,6.54777822617962
okaymeno,6.520460417528663
wasnt,6.520460417528663
deepest,6.520460417528663
fool,6.520460417528663
reject,6.520460417528663
enemi,6.520460417528663
reli,6.520460417528663
express,6.520460417528663
normal,6.520460417528663
esteem,6.520460417528663
sound,6.520460417528663
overreact,6.520460417528663
buri,6.520460417528663
scar,6.520460417528663
stab,6.520460417528663
paradox,6.520460417528663
myselfi,6.520460417528663
forev,6.520460417528663
unfollow,6.520460417528663
last,6.520460417528663
thoughtless,6.520460417528663
honesti,6.520460417528663
happii,6.520460417528663
couldv,6.520460417528663
thats,6.520460417528663
wrongi,6.520460417528663
support,6.520460417528663
insecurit,6.520460417528663
doe,6.520460417528663
loyalti,6.520460417528663
toss,6.520460417528663
lesson,6.520460417528663
growingupwithanxieti,6.520460417528663
game,6.520460417528663
disrespect,6.520460417528663
younger,6.520460417528663
easili,6.520460417528663
unintent,6.520460417528663
children,6.520460417528663
underestim,6.520460417528663
suicid,6.520460417528663
attach,6.520460417528663
grab,6.520460417528663
open,6.45389559836648
chest,6.45389559836648
choic,6.45389559836648
closer,6.45389559836648
treasur,6.45389559836648
courag,6.45389559836648
dear,6.45389559836648
death,6.45389559836648
hour,6.45389559836648
soul,6.45389559836648
sorri,6.45389559836648
sleepless,6.45389559836648
start,6.45389559836648
text,6.45389559836648
blade,6.45389559836648
prettier,6.45389559836648
sudden,6.45389559836648
reflect,6.45389559836648
anytim,6.45389559836648
anoth,6.45389559836648
deserv,6.45389559836648
gonna,6.45389559836648
worri,6.45389559836648
mess,6.45389559836648
isol,6.45389559836648
drop,6.45389559836648
eat,6.45389559836648
experienc,6.45389559836648
flow,6.45389559836648
lot,6.45389559836648
irrelev,6.45389559836648
interest,6.45389559836648
yep,6.45389559836648
wake,6.45389559836648
fatter,6.45389559836648
mood,6.45389559836648
doesnt,6.45389559836648
listen,6.45389559836648
higher,6.45389559836648
wonder,6.43372200355424
selflov,6.43372200355424
thrill,6.43372200355424
quickli,6.43372200355424
club,6.43372200355424
realiti,6.43372200355424
uncondit,6.43372200355424
broder,6.43372200355424
desir,6.43372200355424
abt,6.43372200355424
univers,6.43372200355424
silenc,6.43372200355424
account,6.43372200355424
brontez,6.43372200355424
befor,6.43372200355424
becom,6.43372200355424
defens,6.43372200355424
unrequit,6.43372200355424
wound,6.43372200355424
dark,6.43372200355424
anymor,6.43372200355424
wanna,6.43372200355424
retir,6.43372200355424
progress,6.43372200355424
content,6.43372200355424
child,6.43372200355424
boundari,6.43372200355424
trash,6.43372200355424
compar,6.43372200355424
around,6.43372200355424
review,6.43372200355424
warm,6.43372200355424
right,6.43372200355424
week,6.43372200355424
wouldnt,6.43372200355424
bagel,6.43372200355424
cloth,6.43372200355424
bag,6.43372200355424
use,6.43372200355424
rectifi,6.43372200355424
crowd,6.43372200355424
punish,6.43372200355424
yo,6.43372200355424
tuesday,6.43372200355424
pt,6.43372200355424
version,6.43372200355424
youll,6.43372200355424
uncontrol,6.43372200355424
director,6.43372200355424
pain,6.43372200355424
grief,6.43372200355424
group,6.43372200355424
guilti,6.43372200355424
happi,6.43372200355424
headach,6.43372200355424
hello,6.43372200355424
hobbi,6.43372200355424
shhh,6.43372200355424
hurt,6.43372200355424
got,6.43372200355424
sext,6.43372200355424
paperback,6.43372200355424
fake,6.43372200355424
planet,6.43372200355424
father,6.43372200355424
feb,6.43372200355424
flirt,6.43372200355424
forgav,6.43372200355424
friend,6.43372200355424
icu,6.43372200355424
impuls,6.43372200355424
lone,6.43372200355424
lose,6.43372200355424
magazin,6.43372200355424
motion,6.43372200355424
meet,6.43372200355424
memoir,6.43372200355424
milf,6.43372200355424
mom,6.43372200355424
miracl,6.43372200355424
shut,6.43372200355424
isnt,6.43372200355424
includ,6.43372200355424
sort,6.43372200355424
shittier,6.43372200355424
internet,6.43372200355424
nurs,6.43372200355424
slow,6.43372200355424
soft,6.43372200355424
snack,6.43372200355424
taught,6.43372200355424
excerpt,6.43372200355424
team,6.43372200355424
powerpoint,6.43372200355424
selfpromot,6.43372200355424
theres,6.43372200355424
therapi,6.43372200355424
shouldnt,6.297316866214453
whose,6.297316866214453
forgotten,6.297316866214453
loud,6.297316866214453
lifetim,6.297316866214453
everyday,6.297316866214453
plenti,6.297316866214453
mouth,6.297316866214453
cannot,6.297316866214453
enjoy,6.297316866214453
needi,6.297316866214453
tomorrow,6.297316866214453
excus,6.297316866214453
exactli,6.297316866214453
unstabl,6.297316866214453
yesterday,6.297316866214453
hope,6.297316866214453
smarter,6.297316866214453
theyre,6.260096153727839
month,6.260096153727839
flashback,6.260096153727839
aunt,6.260096153727839
far,6.260096153727839
follow,6.260096153727839
hug,6.260096153727839
mind,6.260096153727839
extrem,6.260096153727839
walk,6.260096153727839
made,6.260096153727839
upset,6.260096153727839
cuz,6.260096153727839
shouldve,6.260096153727839
decent,6.260096153727839
thatll,6.260096153727839
let,6.260096153727839
said,6.260096153727839
partner,6.260096153727839
oh,6.260096153727839
push,6.260096153727839
insecur,6.260096153727839
strong,6.166213525914699
trust,6.166213525914699
actual,6.166213525914699
nobodi,6.166213525914699
suffoc,6.166213525914699
control,6.166213525914699
easier,6.166213525914699
call,6.166213525914699
cri,6.166213525914699
cross,6.166213525914699
liter,6.166213525914699
replay,6.166213525914699
citi,6.166213525914699
disappoint,6.166213525914699
done,6.166213525914699
second,6.166213525914699
piti,6.166213525914699
ha,6.166213525914699
talk,6.166213525914699
shatter,6.166213525914699
happygolucki,6.166213525914699
first,6.166213525914699
figur,6.146039931102459
labor,6.146039931102459
without,6.146039931102459
sure,6.146039931102459
mayb,6.146039931102459
chill,6.146039931102459
matter,6.146039931102459
sign,6.146039931102459
existenti,6.146039931102459
would,6.146039931102459
loser,6.146039931102459
poem,6.146039931102459
zoom,6.146039931102459
lets,6.146039931102459
masturb,6.146039931102459
valid,6.146039931102459
spoiler,6.146039931102459
brb,6.146039931102459
horoscop,6.146039931102459
hot,6.146039931102459
inner,6.146039931102459
regist,6.146039931102459
thx,6.146039931102459
stage,6.146039931102459
point,6.146039931102459
event,6.146039931102459
honey,6.146039931102459
real,6.146039931102459
togeth,6.146039931102459
imposs,6.1149953094204985
screw,6.1149953094204985
slap,6.1149953094204985
worthless,6.1149953094204985
new,6.1149953094204985
wipe,6.1149953094204985
year,6.1149953094204985
also,6.1149953094204985
kinda,6.1149953094204985
biggest,6.1149953094204985
halfway,6.1149953094204985
man,6.1149953094204985
sensit,6.1149953094204985
irrit,6.1149953094204985
well,6.1149953094204985
read,6.1149953094204985
tho,6.0369526024136295
tweet,6.0369526024136295
rn,6.0369526024136295
gone,6.0369526024136295
girl,6.0369526024136295
stay,6.0369526024136295
suck,6.0369526024136295
break,6.0369526024136295
birthday,6.0369526024136295
breath,6.0369526024136295
anyth,6.0369526024136295
die,5.9608446295932405
prove,5.9608446295932405
realis,5.9608446295932405
confid,5.9608446295932405
emotionali,5.9608446295932405
may,5.9608446295932405
happiest,5.9608446295932405
live,5.94306997460049
perfect,5.94306997460049
doubt,5.94306997460049
hold,5.94306997460049
huh,5.94306997460049
insomnia,5.94306997460049
endless,5.94306997460049
enter,5.94306997460049
school,5.94306997460049
caus,5.94306997460049
ceil,5.94306997460049
consum,5.94306997460049
help,5.922896379788249
probabl,5.922896379788249
head,5.922896379788249
ever,5.922896379788249
okay,5.922896379788249
born,5.922896379788249
care,5.922896379788249
everi,5.922896379788249
better,5.922896379788249
anyon,5.922896379788249
natur,5.922896379788249
say,5.922896379788249
relax,5.922896379788249
sometim,5.922896379788249
see,5.922896379788249
preorder,5.922896379788249
denial,5.922896379788249
depress,5.922896379788249
kill,5.922896379788249
km,5.854631045619675
miss,5.854631045619675
complet,5.854631045619675
crash,5.854631045619675
anxieti,5.854631045619675
ask,5.854631045619675
tell,5.854631045619675
surgeri,5.854631045619675
sick,5.827313236968718
kind,5.827313236968718
jealou,5.827313236968718
accept,5.827313236968718
randomli,5.827313236968718
left,5.827313236968718
eventu,5.827313236968718
exist,5.827313236968718
stronger,5.827313236968718
veri,5.827313236968718
youv,5.760748417806535
road,5.760748417806535
theyr,5.760748417806535
onli,5.740574822994295
pleas,5.740574822994295
idea,5.740574822994295
five,5.740574822994295
much,5.740574822994295
peac,5.740574822994295
whisper,5.740574822994295
away,5.740574822994295
sad,5.740574822994295
wish,5.740574822994295
come,5.740574822994295
look,5.700480365792417
relaps,5.700480365792417
guy,5.700480365792417
happen,5.700480365792417
someth,5.700480365792417
fine,5.700480365792417
hospit,5.700480365792417
enough,5.700480365792417
session,5.700480365792417
ive,5.606597737979277
pretend,5.606597737979277
blankli,5.604169685654508
even,5.586424143167036
tri,5.586424143167036
except,5.586424143167036
tonight,5.586424143167036
human,5.586424143167036
take,5.586424143167036
everyon,5.586424143167036
ok,5.586424143167036
alon,5.566948973167894
tire,5.566948973167894
aliv,5.508859505850183
sang,5.454347296253507
killer,5.454347296253507
keala,5.454347296253507
jill,5.454347296253507
jack,5.454347296253507
intern,5.454347296253507
insult,5.454347296253507
sibl,5.454347296253507
violet,5.454347296253507
lip,5.454347296253507
victim,5.454347296253507
leaven,5.454347296253507
la,5.454347296253507
settl,5.454347296253507
insan,5.454347296253507
grade,5.454347296253507
give,5.454347296253507
ocean,5.454347296253507
happiand,5.454347296253507
hip,5.454347296253507
whisperim,5.454347296253507
happiso,5.454347296253507
hayd,5.454347296253507
valentinesday,5.454347296253507
onel,5.454347296253507
survivand,5.454347296253507
sweet,5.454347296253507
muffl,5.454347296253507
opena,5.454347296253507
someons,5.454347296253507
teacher,5.454347296253507
sob,5.454347296253507
sunshin,5.454347296253507
sun,5.454347296253507
stain,5.454347296253507
struck,5.454347296253507
okbut,5.454347296253507
sugar,5.454347296253507
sugarbowls,5.454347296253507
ourselv,5.454347296253507
lonley,5.454347296253507
outwardli,5.454347296253507
loos,5.454347296253507
unimport,5.454347296253507
silver,5.454347296253507
load,5.454347296253507
trough,5.454347296253507
thigh,5.454347296253507
thirst,5.454347296253507
thrash,5.454347296253507
tide,5.454347296253507
tojust,5.454347296253507
lung,5.454347296253507
lovin,5.454347296253507
flower,5.454347296253507
childhood,5.454347296253507
canam,5.454347296253507
bruis,5.454347296253507
bright,5.454347296253507
classmat,5.454347296253507
clench,5.454347296253507
curl,5.454347296253507
contain,5.454347296253507
confess,5.454347296253507
receiv,5.454347296253507
recognis,5.454347296253507
coffe,5.454347296253507
black,5.454347296253507
aint,5.454347296253507
al,5.454347296253507
beneath,5.454347296253507
afloat,5.454347296253507
abil,5.454347296253507
anonym,5.454347296253507
anwer,5.454347296253507
scarthey,5.454347296253507
rope,5.454347296253507
beat,5.454347296253507
ball,5.454347296253507
back,5.454347296253507
babe,5.454347296253507
atin,5.454347296253507
ata,5.454347296253507
scariest,5.454347296253507
wreck,5.454347296253507
anyons,5.454347296253507
sayoh,5.454347296253507
oblivi,5.454347296253507
prouder,5.454347296253507
public,5.454347296253507
diseas,5.454347296253507
dms,5.454347296253507
rant,5.454347296253507
razor,5.454347296253507
fist,5.454347296253507
wit,5.454347296253507
dramat,5.454347296253507
dieanonym,5.454347296253507
fairytal,5.454347296253507
devil,5.454347296253507
realli,5.452892750542514
onlin,5.452892750542514
grandpa,5.44916593751151
med,5.44916593751151
mentor,5.44916593751151
way,5.44916593751151
respect,5.421848128860553
night,5.355283309698371
bad,5.355283309698371
shit,5.355283309698371
leav,5.343805421853684
bitch,5.341805421187017
whenev,5.341805421187017
keep,5.33510971488613
stop,5.33510971488613
thought,5.33510971488613
bed,5.267697449033295
thi,5.249922794040544
life,5.249922794040544
act,5.249922794040544
one,5.248495242049359
thing,5.248495242049359
time,5.248495242049359
behind,5.198704577546343
good,5.154612614236219
didnt,5.154612614236219
hate,5.154612614236219
obsess,5.134439019423978
becaus,5.134439019423978
someon,5.134439019423978
clean,5.081441157386193
make,5.081441157386193
bass,5.069026754237811
aux,5.069026754237811
babiisabel,5.069026754237811
audac,5.069026754237811
bakersfield,5.069026754237811
terriblfuck,5.069026754237811
barbecu,5.069026754237811
biiibbbllee,5.069026754237811
tabl,5.069026754237811
suppress,5.069026754237811
ik,5.069026754237811
bill,5.069026754237811
bruh,5.069026754237811
slut,5.069026754237811
sing,5.069026754237811
signific,5.069026754237811
brighten,5.069026754237811
btw,5.069026754237811
butt,5.069026754237811
shakin,5.069026754237811
shade,5.069026754237811
smee,5.069026754237811
smell,5.069026754237811
boop,5.069026754237811
boot,5.069026754237811
speaker,5.069026754237811
spark,5.069026754237811
booti,5.069026754237811
tf,5.069026754237811
weeelll,5.069026754237811
vibe,5.069026754237811
valentin,5.069026754237811
unlock,5.069026754237811
unit,5.069026754237811
weightboy,5.069026754237811
whateva,5.069026754237811
wth,5.069026754237811
wtf,5.069026754237811
worship,5.069026754237811
womans,5.069026754237811
womannn,5.069026754237811
whore,5.069026754237811
thatoff,5.069026754237811
anu,5.069026754237811
aot,5.069026754237811
thecurrent,5.069026754237811
theand,5.069026754237811
analysi,5.069026754237811
todayisabel,5.069026754237811
tott,5.069026754237811
toilet,5.069026754237811
aha,5.069026754237811
ahaha,5.069026754237811
airlin,5.069026754237811
album,5.069026754237811
anal,5.069026754237811
sexiisabel,5.069026754237811
ii,5.069026754237811
match,5.069026754237811
fuuuck,5.069026754237811
gambinos,5.069026754237811
mascara,5.069026754237811
mans,5.069026754237811
madli,5.069026754237811
machin,5.069026754237811
gf,5.069026754237811
grape,5.069026754237811
funkadel,5.069026754237811
math,5.069026754237811
finna,5.069026754237811
netflix,5.069026754237811
monster,5.069026754237811
moms,5.069026754237811
midlif,5.069026754237811
formonth,5.069026754237811
mcfuck,5.069026754237811
freakin,5.069026754237811
gut,5.069026754237811
hilari,5.069026754237811
invalid,5.069026754237811
intil,5.069026754237811
infront,5.069026754237811
informwhen,5.069026754237811
immatur,5.069026754237811
horni,5.069026754237811
hotter,5.069026754237811
ima,5.069026754237811
idc,5.069026754237811
ill,5.069026754237811
joker,5.069026754237811
livin,5.069026754237811
lipstick,5.069026754237811
guuurrrlll,5.069026754237811
likeinch,5.069026754237811
likeha,5.069026754237811
hack,5.069026754237811
lavagirl,5.069026754237811
coldplay,5.069026754237811
ratatatatatatatatatatataa,5.069026754237811
colman,5.069026754237811
compliment,5.069026754237811
profil,5.069026754237811
prochoic,5.069026754237811
daddi,5.069026754237811
danc,5.069026754237811
deadass,5.069026754237811
sensitgood,5.069026754237811
restroom,5.069026754237811
rough,5.069026754237811
rock,5.069026754237811
childrenjohn,5.069026754237811
chipotl,5.069026754237811
christma,5.069026754237811
church,5.069026754237811
riski,5.069026754237811
disclos,5.069026754237811
dwight,5.069026754237811
elit,5.069026754237811
etc,5.069026754237811
okaylike,5.069026754237811
popchip,5.069026754237811
facebook,5.069026754237811
dude,5.069026754237811
pablo,5.069026754237811
disturb,5.069026754237811
playlist,5.069026754237811
pizza,5.069026754237811
pink,5.069026754237811
dope,5.069026754237811
phat,5.069026754237811
pant,5.069026754237811
gift,5.069026754237811
youreignorthem,5.069026754237811
day,5.06760123724659
still,5.06760123724659
magic,5.048882188145344
rose,5.048882188145344
atam,5.048882188145344
wil,5.048882188145344
dri,5.048882188145344
whit,5.048882188145344
white,5.048882188145344
fought,5.048882188145344
whi,5.047427642434349
never,5.007333185232471
sleep,4.893276962607091
think,4.813177170791514
need,4.761200115693562
everyth,4.719294542978374
go,4.719294542978374
peopl,4.701951535681289
boob,4.663561646129646
boy,4.663561646129646
sneez,4.663561646129646
wa,4.663561646129646
tryin,4.663561646129646
lil,4.663561646129646
nose,4.663561646129646
finish,4.663561646129646
food,4.663561646129646
mf,4.663561646129646
whos,4.663561646129646
idk,4.663561646129646
alway,4.650658241293739
fuck,4.648658240627071
get,4.555348061489413
milk,4.4878118544989265
cant,4.3758795736778655
bro,4.3758795736778655
smile,4.333632062166389
know,4.274237754200867
feel,4.149882953381249
want,4.098347087737203
like,4.091042453358316
dont,3.4253735019894984
im,2.878373942064826
